,anatomy,body part,organ
anatomy,1.0,0.6964656964656964,0.6226415094339622
body part,0.6964656964656964,1.0,0.6547085201793722
organ,0.6226415094339622,0.6547085201793722,1.0
