,finding,observation,result
finding,1.0,0.0,0.023809523809523808
observation,0.0,1.0,0.0
result,0.023809523809523808,0.0,1.0
