,procedure,test,examination
procedure,1.0,0.24033149171270718,0.22697368421052633
test,0.24033149171270718,1.0,0.3118279569892473
examination,0.22697368421052633,0.3118279569892473,1.0
