,physiology,biological process,bodily function
physiology,1.0,0.28431372549019607,0.37894736842105264
biological process,0.28431372549019607,1.0,0.28
bodily function,0.37894736842105264,0.28,1.0
